{"train_losses": {"5e-05": [0.6025, 0.4205, 0.2925, 0.1958, 0.1221]}, "val_losses": {"5e-05": [0.5325745344161987, 0.4561961889266968, 0.4354158639907837, 0.4653730094432831, 0.5117608308792114]}}